1;https://www.theantwerpcompany.com/orderlogo/1.png;7
2;https://www.theantwerpcompany.com/orderlogo/2.png;48
3;https://www.theantwerpcompany.com/orderlogo/3.png;8
4;https://www.theantwerpcompany.com/orderlogo/4.png;15
5;https://www.theantwerpcompany.com/orderlogo/5.png;45
6;https://www.theantwerpcompany.com/orderlogo/6.png;15
7;https://www.theantwerpcompany.com/orderlogo/7.png;21
8;https://www.theantwerpcompany.com/orderlogo/8.png;14
9;https://www.theantwerpcompany.com/orderlogo/9.png;39
10;https://www.theantwerpcompany.com/orderlogo/10.png;18
11;https://www.theantwerpcompany.com/orderlogo/11.png;45
12;https://www.theantwerpcompany.com/orderlogo/12.png;6
13;https://www.theantwerpcompany.com/orderlogo/13.png;6
14;https://www.theantwerpcompany.com/orderlogo/14.png;30
15;https://www.theantwerpcompany.com/orderlogo/15.png;28
16;https://www.theantwerpcompany.com/orderlogo/16.png;15
17;https://www.theantwerpcompany.com/orderlogo/17.png;22
18;https://www.theantwerpcompany.com/orderlogo/18.png;16
19;https://www.theantwerpcompany.com/orderlogo/19.png;39
20;https://www.theantwerpcompany.com/orderlogo/20.png;29
21;https://www.theantwerpcompany.com/orderlogo/21.png;22
22;https://www.theantwerpcompany.com/orderlogo/22.png;19
23;https://www.theantwerpcompany.com/orderlogo/23.png;21
24;https://www.theantwerpcompany.com/orderlogo/24.png;7
25;https://www.theantwerpcompany.com/orderlogo/25.png;42
26;https://www.theantwerpcompany.com/orderlogo/26.png;7
27;https://www.theantwerpcompany.com/orderlogo/27.png;50
28;https://www.theantwerpcompany.com/orderlogo/28.png;24
29;https://www.theantwerpcompany.com/orderlogo/29.png;48
30;https://www.theantwerpcompany.com/orderlogo/30.png;13
31;https://www.theantwerpcompany.com/orderlogo/31.png;16
32;https://www.theantwerpcompany.com/orderlogo/32.png;33
33;https://www.theantwerpcompany.com/orderlogo/33.png;16
34;https://www.theantwerpcompany.com/orderlogo/34.png;4
35;https://www.theantwerpcompany.com/orderlogo/35.png;2
36;https://www.theantwerpcompany.com/orderlogo/36.png;10
37;https://www.theantwerpcompany.com/orderlogo/37.png;49
38;https://www.theantwerpcompany.com/orderlogo/38.png;26
39;https://www.theantwerpcompany.com/orderlogo/39.png;1
40;https://www.theantwerpcompany.com/orderlogo/40.png;38
41;https://www.theantwerpcompany.com/orderlogo/41.png;24
42;https://www.theantwerpcompany.com/orderlogo/42.png;20
43;https://www.theantwerpcompany.com/orderlogo/43.png;50
44;https://www.theantwerpcompany.com/orderlogo/44.png;37
45;https://www.theantwerpcompany.com/orderlogo/45.png;43
46;https://www.theantwerpcompany.com/orderlogo/46.png;15
47;https://www.theantwerpcompany.com/orderlogo/47.png;42
48;https://www.theantwerpcompany.com/orderlogo/48.png;28
49;https://www.theantwerpcompany.com/orderlogo/49.png;5
50;https://www.theantwerpcompany.com/orderlogo/50.png;2
